Natural Language Protease Name,Protease Symbol,Protease Accession,Protease EC Number,Substrate Gene Name,Substrate Name,Substrate Accession,Substrate taxonomy,P1 #,P1' #,P1 aa,P1' aa,external link,PMID,Comment
beta-secretase,BACE2,Q9Y5Z0,3.4.23.45,APP,Amyloid beta A4 protein,P05067,9606,671,672,M,D,http://www.uniprot.org/uniprot/P05067,,
caspase-6; when associated with variant 670-N-L-671,CASP6,P55212,3.4.22.59,APP,Amyloid beta A4 protein,P05067,9606,672,673,D,A,http://www.uniprot.org/uniprot/P05067,,
alpha-secretase,BACE1,P56817,3.4.23.46,APP,Amyloid beta A4 protein,P05067,9606,687,688,K,L,http://www.uniprot.org/uniprot/P05067,,
theta-secretase,BACE2,Q9Y5Z0,3.4.23.45,APP,Amyloid beta A4 protein,P05067,9606,690,691,F,F,http://www.uniprot.org/uniprot/P05067,,
gamma-secretase; site 1,PSENEN,Q9NZ42,n.d.,APP,Amyloid beta A4 protein,P05067,9606,711,712,V,I,http://www.uniprot.org/uniprot/P05067,,
gamma-secretase; site 2,PSENEN,Q9NZ42,n.d.,APP,Amyloid beta A4 protein,P05067,9606,713,714,A,T,http://www.uniprot.org/uniprot/P05067,,
gamma-secretase; site 3,PSENEN,Q9NZ42,n.d.,APP,Amyloid beta A4 protein,P05067,9606,720,721,L,V,http://www.uniprot.org/uniprot/P05067,,
caspase-6; caspase-8 or caspase-9,CASP9,P55211,3.4.22.62,APP,Amyloid beta A4 protein,P05067,9606,739,740,D,A,http://www.uniprot.org/uniprot/P05067,,
caspase-3,CASP3,P42574,3.4.22.56,ACIN1,Apoptotic chromatin condensation inducer in the nucleus,Q9UKV3,9606,1093,1094,D,Y,http://www.uniprot.org/uniprot/Q9UKV3,,
CORIN,CORIN,Q9Y5Q5,n.d.,NPPA,Natriuretic peptides A,P01160,9606,123,124,R,S,http://www.uniprot.org/uniprot/P01160,,
granzyme A,GZMA,P12544,3.4.21.78,APEX1,DNA-(apurinic or apyrimidinic site) lyase,P27695,9606,31,32,K,K,http://www.uniprot.org/uniprot/P27695,,
caspase-3,CASP3,P42574,3.4.22.56,APLP1,Amyloid-like protein 1,P51693,9606,620,621,D,P,http://www.uniprot.org/uniprot/P51693,,
PS1,MBTPS1,Q14703,3.4.21.112,ATF6,Cyclic AMP-dependent transcription factor ATF-6 alpha,P18850,9606,419,420,L,G,http://www.uniprot.org/uniprot/P18850,,
PS1,MBTPS1,Q14703,3.4.21.112,ATF6B,Cyclic AMP-dependent transcription factor ATF-6 beta,Q99941,9606,440,441,L,G,http://www.uniprot.org/uniprot/Q99941,,
Cleavage,n.d.,n.d.,n.d.,ATN1,Atrophin-1,P54259,9606,109,110,D,G,http://www.uniprot.org/uniprot/P54259,,
caspase-1,CASP1,P29466,3.4.22.36,BCL2L1,Bcl-2-like protein 1,Q07817,9606,61,62,D,S,http://www.uniprot.org/uniprot/Q07817,,
Cleavage; to produce soluble form,n.d.,n.d.,n.d.,B4GALT1,Beta-14-galactosyltransferase 1,P15291,9606,77,78,L,R,http://www.uniprot.org/uniprot/P15291,,
caspase-3,CASP3,P42574,3.4.22.56,BAG6,Large proline-rich protein BAG6,P46379,9606,1001,1002,D,G,http://www.uniprot.org/uniprot/P46379,,
caspase-8,CASP8,Q14790,3.4.22.61,BCAP31,B-cell receptor-associated protein 31,P51572,9606,164,165,D,G,http://www.uniprot.org/uniprot/P51572,,
caspase-8,CASP8,Q14790,3.4.22.61,BCAP31,B-cell receptor-associated protein 31,P51572,9606,238,239,D,G,http://www.uniprot.org/uniprot/P51572,,
caspase-3,CASP3,P42574,3.4.22.56,BCL2,Apoptosis regulator Bcl-2,P10415,9606,34,35,D,V,http://www.uniprot.org/uniprot/P10415,,
S1P,MBTPS1,Q14703,3.4.21.112,BDNF,Brain-derived neurotrophic factor,P23560,9606,57,58,T,S,http://www.uniprot.org/uniprot/P23560,,
Cleavage,n.d.,n.d.,n.d.,BID,BH3-interacting domain death agonist,P55957,9606,61,62,G,N,http://www.uniprot.org/uniprot/P55957,,
Cleavage,n.d.,n.d.,n.d.,BID,BH3-interacting domain death agonist,P55957,9606,76,77,S,E,http://www.uniprot.org/uniprot/P55957,,
Cleavage,n.d.,n.d.,n.d.,BID,BH3-interacting domain death agonist,P55957,9606,99,100,R,S,http://www.uniprot.org/uniprot/P55957,,
CASP3 and CASP7,n.d.,n.d.,n.d.,BIRC7,Baculoviral IAP repeat-containing protein 7,Q96CA5,9606,52,53,D,G,http://www.uniprot.org/uniprot/Q96CA5,,
caspase-3,CASP3,P42574,3.4.22.56,BUB1B,Mitotic checkpoint serine/threonine-protein kinase BUB1 beta,O60566,9606,579,580,D,E,http://www.uniprot.org/uniprot/O60566,,
caspase-3,CASP3,P42574,3.4.22.56,BUB1B,Mitotic checkpoint serine/threonine-protein kinase BUB1 beta,O60566,9606,610,611,D,F,http://www.uniprot.org/uniprot/O60566,,
Cleavage; in calcium-free condition,n.d.,n.d.,n.d.,CD163,Scavenger receptor cysteine-rich type 1 protein M130,Q86VB7,9606,269,270,V,D,http://www.uniprot.org/uniprot/Q86VB7,,
Cleavage; in calcium-free condition,n.d.,n.d.,n.d.,CD163,Scavenger receptor cysteine-rich type 1 protein M130,Q86VB7,9606,281,282,V,R,http://www.uniprot.org/uniprot/Q86VB7,,
Cleavage; in calcium-free condition,n.d.,n.d.,n.d.,CD163,Scavenger receptor cysteine-rich type 1 protein M130,Q86VB7,9606,333,334,V,S,http://www.uniprot.org/uniprot/Q86VB7,,
Cleavage; in calcium-free condition,n.d.,n.d.,n.d.,CD163,Scavenger receptor cysteine-rich type 1 protein M130,Q86VB7,9606,360,361,D,A,http://www.uniprot.org/uniprot/Q86VB7,,
a metalloproteinase,n.d.,n.d.,n.d.,CDH1,Cadherin-1,P12830,9606,700,701,P,V,http://www.uniprot.org/uniprot/P12830,,
gamma-secretase/PS1,PSENEN,Q9NZ42,n.d.,CDH1,Cadherin-1,P12830,9606,731,732,L,R,http://www.uniprot.org/uniprot/P12830,,
caspase-3,CASP3,P42574,3.4.22.56,CDH1,Cadherin-1,P12830,9606,750,751,D,N,http://www.uniprot.org/uniprot/P12830,,
chymosin/rennin,CYM,P00794,3.4.23.4,CSN3,Kappa-casein,P07498,9606,117,118,F,I,http://www.uniprot.org/uniprot/P07498,,
thrombin,F2,P00734,3.4.21.5,CPB2,Carboxypeptidase B2,Q96IY4,9606,324,325,R,S,http://www.uniprot.org/uniprot/Q96IY4,,
DPP4,DPP4,P27487,n.d.,CCL5,C-C motif chemokine 5,P13501,9606,25,26,P,Y,http://www.uniprot.org/uniprot/P13501,,
Cleavage,n.d.,n.d.,n.d.,CD40LG,CD40 ligand,P29965,9606,112,113,E,M,http://www.uniprot.org/uniprot/P29965,,
calpain,CAPN1,P07384,3.4.22.52,CDK5R1,Cyclin-dependent kinase 5 activator 1,Q15078,9606,98,99,F,A,http://www.uniprot.org/uniprot/Q15078,,
Cleavage,n.d.,n.d.,n.d.,CD97,CD97 antigen,P48960,9606,530,531,L,S,http://www.uniprot.org/uniprot/P48960,,
ST14/MT-SP1,ST14,Q9Y5Y6,3.4.21.109,CDCP1,CUB domain-containing protein 1,Q9H5V8,9606,368,369,R,K,http://www.uniprot.org/uniprot/Q9H5V8,,
ADAM8,ADAM8,P78325,n.d.,CHL1,Neural cell adhesion molecule L1-like protein,O00533,9606,753,754,P,Q,http://www.uniprot.org/uniprot/O00533,,
ADAM8,ADAM8,P78325,n.d.,CHL1,Neural cell adhesion molecule L1-like protein,O00533,9606,1039,1040,P,G,http://www.uniprot.org/uniprot/O00533,,
DPP4,DPP4,P27487,n.d.,CCL3L1,C-C motif chemokine 3-like 1,P16619,9606,25,26,P,L,http://www.uniprot.org/uniprot/P16619,,
procollagen N-endopeptidase,ADAMTS2,O95450,3.4.24.14,COL1A1,Collagen alpha-1(I) chain,P02452,9606,161,162,P,Q,http://www.uniprot.org/uniprot/P02452,,
collagenase,n.d.,n.d.,n.d.,COL1A1,Collagen alpha-1(I) chain,P02452,9606,953,954,G,I,http://www.uniprot.org/uniprot/P02452,,
procollagen C-endopeptidase,BMP1,P13497,3.4.24.19,COL1A1,Collagen alpha-1(I) chain,P02452,9606,1218,1219,A,D,http://www.uniprot.org/uniprot/P02452,,
procollagen N-endopeptidase,ADAMTS2,O95450,3.4.24.14,COL2A1,Collagen alpha-1(II) chain,P02458,9606,181,182,A,Q,http://www.uniprot.org/uniprot/P02458,,
procollagen C-endopeptidase,BMP1,P13497,3.4.24.19,COL2A1,Collagen alpha-1(II) chain,P02458,9606,1241,1242,A,D,http://www.uniprot.org/uniprot/P02458,,
C3 convertase,C2,P06681,3.4.21.43,C3,Complement C3,P01024,9606,748,749,R,S,http://www.uniprot.org/uniprot/P01024,,
factor I,CFI,P05156,3.4.21.45,C3,Complement C3,P01024,9606,954,955,R,E,http://www.uniprot.org/uniprot/P01024,,
factor I,CFI,P05156,3.4.21.45,C3,Complement C3,P01024,9606,1303,1304,R,S,http://www.uniprot.org/uniprot/P01024,,
factor I,CFI,P05156,3.4.21.45,C3,Complement C3,P01024,9606,1320,1321,R,S,http://www.uniprot.org/uniprot/P01024,,
collagenase,n.d.,n.d.,n.d.,COL4A3,Collagen alpha-3(IV) chain,Q01955,9606,1426,1427,P,G,http://www.uniprot.org/uniprot/Q01955,,
collagenase,n.d.,n.d.,n.d.,COL4A4,Collagen alpha-4(IV) chain,P53420,9606,1206,1207,P,G,http://www.uniprot.org/uniprot/P53420,,
thrombin,F2,P00734,3.4.21.5,C9,Complement component C9,P02748,9606,265,266,H,G,http://www.uniprot.org/uniprot/P02748,,
furin,FURIN,P09958,3.4.21.75,COL25A1,Collagen alpha-1(XXV) chain,Q9BXS0,9606,112,113,R,E,http://www.uniprot.org/uniprot/Q9BXS0,,
Cleavage,n.d.,n.d.,n.d.,CORIN,Atrial natriuretic peptide-converting enzyme,Q9Y5Q5,9606,801,802,R,I,http://www.uniprot.org/uniprot/Q9Y5Q5,,
furin-like protease,FURIN,P09958,3.4.21.75,CPAMD8,C3 and PZP-like alpha-2-macroglobulin domain-containing protein 8,Q8IZJ3,9606,671,672,R,S,http://www.uniprot.org/uniprot/Q8IZJ3,,
PS1,MBTPS1,Q14703,3.4.21.112,CREB3L1,Cyclic AMP-responsive element-binding protein 3-like protein 1,Q96BA8,9606,426,427,L,F,http://www.uniprot.org/uniprot/Q96BA8,,
PS1,MBTPS1,Q14703,3.4.21.112,CREB3L3,Cyclic AMP-responsive element-binding protein 3-like protein 3,Q68CJ9,9606,363,364,L,H,http://www.uniprot.org/uniprot/Q68CJ9,,
PS1,MBTPS1,Q14703,3.4.21.112,CREB3L4,Cyclic AMP-responsive element-binding protein 3-like protein 4,Q8TEY5,9606,338,339,L,T,http://www.uniprot.org/uniprot/Q8TEY5,,
PS1,MBTPS1,Q14703,3.4.21.112,CREB3,Cyclic AMP-responsive element-binding protein 3,O43889,9606,290,291,L,R,http://www.uniprot.org/uniprot/O43889,,
furin,FURIN,P09958,3.4.21.75,CUBN,Cubilin,O60494,9606,35,36,R,S,http://www.uniprot.org/uniprot/O60494,,
cathepsin G,CTSG,P08311,3.4.21.20,CXCL5,C-X-C motif chemokine 5,P42830,9606,44,45,L,R,http://www.uniprot.org/uniprot/P42830,,
DAG1,DAG1,Q14118,n.d.,DAG1,Dystroglycan,Q14118,9606,653,654,G,S,http://www.uniprot.org/uniprot/Q14118,,
MMP9,MMP9,P14780,3.4.24.35,DAG1,Dystroglycan,Q14118,9606,715,716,H,L,http://www.uniprot.org/uniprot/Q14118,,
caspase-3,CASP3,P42574,3.4.22.56,DBNL,Drebrin-like protein,Q9UJU6,9606,361,362,D,H,http://www.uniprot.org/uniprot/Q9UJU6,,
Cleavage (non-hydrolytic); by AMD1,n.d.,n.d.,n.d.,AMD1,S-adenosylmethionine decarboxylase proenzyme,P17707,9606,67,68,E,S,http://www.uniprot.org/uniprot/P17707,,
caspase-3,CASP3,P42574,3.4.22.56,DFFA,DNA fragmentation factor subunit alpha,O00273,9606,117,118,D,S,http://www.uniprot.org/uniprot/O00273,,
caspase-3,CASP3,P42574,3.4.22.56,DFFA,DNA fragmentation factor subunit alpha,O00273,9606,224,225,D,T,http://www.uniprot.org/uniprot/O00273,,
caspase,n.d.,n.d.,n.d.,DHCR24,Delta(24)-sterol reductase,Q15392,9606,122,123,L,E,http://www.uniprot.org/uniprot/Q15392,,
caspase,n.d.,n.d.,n.d.,DHCR24,Delta(24)-sterol reductase,Q15392,9606,383,384,V,V,http://www.uniprot.org/uniprot/Q15392,,
DHH,HHG-3,O43323,n.d.,DHH,Desert hedgehog protein,O43323,9606,198,199,G,C,http://www.uniprot.org/uniprot/O43323,,
Cleavage,n.d.,n.d.,n.d.,POLA1,DNA polymerase alpha catalytic subunit,P09884,9606,124,125,K,K,http://www.uniprot.org/uniprot/P09884,,
furin,FURIN,P09958,3.4.21.75,EDA,Ectodysplasin-A,Q92838,9606,159,160,R,S,http://www.uniprot.org/uniprot/Q92838,,
KEL,KEL,P23276,n.d.,EDN1,Endothelin-1,P05305,9606,73,74,W,V,http://www.uniprot.org/uniprot/P05305,,
KEL,KEL,P23276,n.d.,EDN2,Endothelin-2,P20800,9606,69,70,W,V,http://www.uniprot.org/uniprot/P20800,,
KEL,KEL,P23276,n.d.,EDN3,Endothelin-3,P14138,9606,117,118,W,I,http://www.uniprot.org/uniprot/P14138,,
Cleavage,n.d.,n.d.,n.d.,null,HERV-F(c)1_Xq21.33 provirus ancestral Env polyprotein,P60507,9606,383,384,R,A,http://www.uniprot.org/uniprot/P60507,,
Cleavage,n.d.,n.d.,n.d.,ERVFRD-1,HERV-FRD_6p24.1 provirus ancestral Env polyprotein,P60508,9606,350,351,R,A,http://www.uniprot.org/uniprot/P60508,,
Cleavage,n.d.,n.d.,n.d.,ELTD1,EGF latrophilin and seven transmembrane domain-containing protein 1,Q9HBW9,9606,406,407,L,T,http://www.uniprot.org/uniprot/Q9HBW9,,
Cleavage,n.d.,n.d.,n.d.,EMR2,EGF-like module-containing mucin-like hormone receptor-like 2,Q9UHX3,9606,517,518,L,S,http://www.uniprot.org/uniprot/Q9UHX3,,
Cleavage,n.d.,n.d.,n.d.,EMR3,EGF-like module-containing mucin-like hormone receptor-like 3,Q9BY15,9606,338,339,L,S,http://www.uniprot.org/uniprot/Q9BY15,,
Cleavage,n.d.,n.d.,n.d.,EMR4P,Putative EGF-like module-containing mucin-like hormone receptor-like 4,Q86SQ3,9606,173,174,L,S,http://www.uniprot.org/uniprot/Q86SQ3,,
Cleavage,n.d.,n.d.,n.d.,null,HERV-H_2q24.3 provirus ancestral Env polyprotein,Q9N2K0,9606,387,388,R,V,http://www.uniprot.org/uniprot/Q9N2K0,,
Cleavage,n.d.,n.d.,n.d.,null,HERV-H_2q24.1 provirus ancestral Env polyprotein,Q9N2J8,9606,387,388,R,V,http://www.uniprot.org/uniprot/Q9N2J8,,
Cleavage,n.d.,n.d.,n.d.,null,HERV-K_22q11.21 provirus ancestral Env polyprotein,P61566,9606,354,355,R,F,http://www.uniprot.org/uniprot/P61566,,
Cleavage,n.d.,n.d.,n.d.,null,HERV-K_1q22 provirus ancestral Env polyprotein,P61567,9606,354,355,R,F,http://www.uniprot.org/uniprot/P61567,,
Cleavage,n.d.,n.d.,n.d.,null,HERV-K_16p3.3 provirus ancestral Env polyprotein,Q9NX77,9606,289,290,R,F,http://www.uniprot.org/uniprot/Q9NX77,,
Cleavage,n.d.,n.d.,n.d.,null,HERV-K_11q22.1 provirus ancestral Env polyprotein,P61570,9606,465,466,R,F,http://www.uniprot.org/uniprot/P61570,,
Cleavage,n.d.,n.d.,n.d.,null,HERV-K_12q14.1 provirus ancestral Env polyprotein,P61565,9606,464,465,R,F,http://www.uniprot.org/uniprot/P61565,,
Cleavage,n.d.,n.d.,n.d.,ERVK6,HERV-K_7p22.1 provirus ancestral Env polyprotein,Q69384,9606,465,466,R,F,http://www.uniprot.org/uniprot/Q69384,,
Cleavage,n.d.,n.d.,n.d.,null,HERV-K_19q12 provirus ancestral Env polyprotein,O71037,9606,465,466,R,F,http://www.uniprot.org/uniprot/O71037,,
Cleavage,n.d.,n.d.,n.d.,null,HERV-K_6q14.1 provirus ancestral Env polyprotein,Q9UKH3,9606,464,465,R,F,http://www.uniprot.org/uniprot/Q9UKH3,,
Cleavage,n.d.,n.d.,n.d.,null,HERV-K_19p13.11 provirus ancestral Env polyprotein,Q902F9,9606,465,466,R,F,http://www.uniprot.org/uniprot/Q902F9,,
Cleavage,n.d.,n.d.,n.d.,null,HERV-K_8p23.1 provirus ancestral Env polyprotein,Q902F8,9606,465,466,R,F,http://www.uniprot.org/uniprot/Q902F8,,
Cleavage,n.d.,n.d.,n.d.,null,HERV-K_1q23.3 provirus ancestral Env polyprotein,O42043,9606,354,355,R,F,http://www.uniprot.org/uniprot/O42043,,
Cleavage,n.d.,n.d.,n.d.,ERV3-1,HERV-R_7q21.2 provirus ancestral Env polyprotein,Q14264,9606,471,472,R,G,http://www.uniprot.org/uniprot/Q14264,,
Cleavage,n.d.,n.d.,n.d.,ERVW-1,HERV-W_7q21.2 provirus ancestral Env polyprotein,Q9UQF0,9606,317,318,R,V,http://www.uniprot.org/uniprot/Q9UQF0,,
ESPL1,ESPL1,Q14674,3.4.22.49,ESPL1,Separin,Q14674,9606,1506,1507,R,G,http://www.uniprot.org/uniprot/Q14674,,
ESPL1,ESPL1,Q14674,3.4.22.49,ESPL1,Separin,Q14674,9606,1535,1536,R,L,http://www.uniprot.org/uniprot/Q14674,,
Cleavage,n.d.,n.d.,n.d.,EXTL2,Exostosin-like 2,Q9UBQ6,9606,53,54,R,E,http://www.uniprot.org/uniprot/Q9UBQ6,,
thrombin; to produce active factor XIII-A,F2,P00734,3.4.21.5,F13A1,Coagulation factor XIII A chain,P00488,9606,38,39,R,G,http://www.uniprot.org/uniprot/P00488,,
activated protein C,PROC,P04070,3.4.21.69,F5,Coagulation factor V,P12259,9606,334,335,R,N,http://www.uniprot.org/uniprot/P12259,,
activated protein C,PROC,P04070,3.4.21.69,F5,Coagulation factor V,P12259,9606,534,535,R,G,http://www.uniprot.org/uniprot/P12259,,
activated protein C,PROC,P04070,3.4.21.69,F5,Coagulation factor V,P12259,9606,707,708,R,K,http://www.uniprot.org/uniprot/P12259,,
thrombin,F2,P00734,3.4.21.5,F5,Coagulation factor V,P12259,9606,737,738,R,S,http://www.uniprot.org/uniprot/P12259,,
activated protein C,PROC,P04070,3.4.21.69,F5,Coagulation factor V,P12259,9606,1022,1023,K,S,http://www.uniprot.org/uniprot/P12259,,
thrombin,F2,P00734,3.4.21.5,F5,Coagulation factor V,P12259,9606,1046,1047,R,T,http://www.uniprot.org/uniprot/P12259,,
thrombin,F2,P00734,3.4.21.5,F5,Coagulation factor V,P12259,9606,1573,1574,R,S,http://www.uniprot.org/uniprot/P12259,,
factor Xa; factor XIIa; factor IXa; or thrombin,F2,P00734,3.4.21.5,F7,Coagulation factor VII,P08709,9606,212,213,R,I,http://www.uniprot.org/uniprot/P08709,,
thrombin,F2,P00734,3.4.21.5,F8,Coagulation factor VIII,P00451,9606,391,392,R,S,http://www.uniprot.org/uniprot/P00451,,
thrombin,F2,P00734,3.4.21.5,F8,Coagulation factor VIII,P00451,9606,759,760,R,S,http://www.uniprot.org/uniprot/P00451,,
Cleavage (activation),n.d.,n.d.,n.d.,F8,Coagulation factor VIII,P00451,9606,1332,1333,R,A,http://www.uniprot.org/uniprot/P00451,,
Cleavage (activation),n.d.,n.d.,n.d.,F8,Coagulation factor VIII,P00451,9606,1667,1668,R,E,http://www.uniprot.org/uniprot/P00451,,
thrombin,F2,P00734,3.4.21.5,F8,Coagulation factor VIII,P00451,9606,1708,1709,R,S,http://www.uniprot.org/uniprot/P00451,,
factor XIa,F11,P03951,3.4.21.27,F9,Coagulation factor IX,P00740,9606,191,192,R,A,http://www.uniprot.org/uniprot/P00740,,
factor XIa,F11,P03951,3.4.21.27,F9,Coagulation factor IX,P00740,9606,226,227,R,V,http://www.uniprot.org/uniprot/P00740,,
Cleavage,n.d.,n.d.,n.d.,FCER2,Low affinity immunoglobulin epsilon Fc receptor,P06734,9606,149,150,R,M,http://www.uniprot.org/uniprot/P06734,,
a caspase-3-like protease,n.d.,n.d.,n.d.,FEM1B,Protein fem-1 homolog B,Q9UK73,9606,342,343,D,V,http://www.uniprot.org/uniprot/Q9UK73,,
proprotein convertases,n.d.,n.d.,n.d.,FGF23,Fibroblast growth factor 23,Q9GZV9,9606,179,180,R,S,http://www.uniprot.org/uniprot/Q9GZV9,,
thrombin; to release fibrinopeptide A,F2,P00734,3.4.21.5,FGA,Fibrinogen alpha chain,P02671,9606,35,36,R,G,http://www.uniprot.org/uniprot/P02671,,
plasmin; to break down fibrin clots,PLG,P00747,3.4.21.7,FGA,Fibrinogen alpha chain,P02671,9606,100,101,K,D,http://www.uniprot.org/uniprot/P02671,,
hementin; to prevent blood coagulation,HTN,Q7M3P9,n.d.,FGA,Fibrinogen alpha chain,P02671,9606,121,122,N,N,http://www.uniprot.org/uniprot/P02671,,
plasmin; to break down fibrin clots,PLG,P00747,3.4.21.7,FGA,Fibrinogen alpha chain,P02671,9606,123,124,R,D,http://www.uniprot.org/uniprot/P02671,,
thrombin; to release fibrinopeptide B,F2,P00734,3.4.21.5,FGB,Fibrinogen beta chain,P02675,9606,44,45,R,G,http://www.uniprot.org/uniprot/P02675,,
plasmin; to break down fibrin clots,PLG,P00747,3.4.21.7,FGB,Fibrinogen beta chain,P02675,9606,152,153,K,D,http://www.uniprot.org/uniprot/P02675,,
hementin; to prevent blood coagulation,HTN,Q7M3P9,n.d.,FGB,Fibrinogen beta chain,P02675,9606,160,161,K,Q,http://www.uniprot.org/uniprot/P02675,,
plasmin; to break down fibrin clots,PLG,P00747,3.4.21.7,FGB,Fibrinogen beta chain,P02675,9606,163,164,K,D,http://www.uniprot.org/uniprot/P02675,,
plasmin; to break down fibrin clots,PLG,P00747,3.4.21.7,FGG,Fibrinogen gamma chain,P02679,9606,84,85,K,Q,http://www.uniprot.org/uniprot/P02679,,
plasmin; to break down fibrin clots,PLG,P00747,3.4.21.7,FGG,Fibrinogen gamma chain,P02679,9606,88,89,K,A,http://www.uniprot.org/uniprot/P02679,,
hementin; to prevent blood coagulation,HTN,Q7M3P9,n.d.,FGG,Fibrinogen gamma chain,P02679,9606,102,103,P,N,http://www.uniprot.org/uniprot/P02679,,
calpain,CAPN1,P07384,3.4.22.52,FLNA,Filamin-A,P21333,9606,1761,1762,Y,T,http://www.uniprot.org/uniprot/P21333,,
FURIN,FURIN,P09958,3.4.21.75,FURIN,Furin,P09958,9606,75,76,R,S,http://www.uniprot.org/uniprot/P09958,,
FURIN,FURIN,P09958,3.4.21.75,FURIN,Furin,P09958,9606,107,108,R,D,http://www.uniprot.org/uniprot/P09958,,
a caspase during apoptosis,n.d.,n.d.,n.d.,GAS2,Growth arrest-specific protein 2,O43903,9606,278,279,D,G,http://www.uniprot.org/uniprot/O43903,,
Cleavage,n.d.,n.d.,n.d.,GAST,Gastrin,P01350,9606,40,41,R,D,http://www.uniprot.org/uniprot/P01350,,
Cleavage,n.d.,n.d.,n.d.,GAST,Gastrin,P01350,9606,58,59,R,Q,http://www.uniprot.org/uniprot/P01350,,
Cleavage,n.d.,n.d.,n.d.,GAST,Gastrin,P01350,9606,75,76,K,Q,http://www.uniprot.org/uniprot/P01350,,
Cleavage,n.d.,n.d.,n.d.,GAST,Gastrin,P01350,9606,95,96,R,S,http://www.uniprot.org/uniprot/P01350,,
Cleavage,n.d.,n.d.,n.d.,GLIS2,Zinc finger protein GLIS2,Q9BZE0,9606,287,288,H,Y,http://www.uniprot.org/uniprot/Q9BZE0,,
PCSK2,PCSK2,P16519,3.4.21.94,GCG,Glucagon,P01275,9606,52,53,R,H,http://www.uniprot.org/uniprot/P01275,,
PCSK1 and PCSK2,PCSK2,P16519,3.4.21.94,GCG,Glucagon,P01275,9606,83,84,R,N,http://www.uniprot.org/uniprot/P01275,,
PCSK1,PCSK1,P29120,3.4.21.93,GCG,Glucagon,P01275,9606,91,92,R,H,http://www.uniprot.org/uniprot/P01275,,
PCSK1,PCSK1,P29120,3.4.21.93,GCG,Glucagon,P01275,9606,97,98,R,H,http://www.uniprot.org/uniprot/P01275,,
PCSK1,PCSK1,P29120,3.4.21.93,GCG,Glucagon,P01275,9606,130,131,R,D,http://www.uniprot.org/uniprot/P01275,,
PCSK1,PCSK1,P29120,3.4.21.93,GCG,Glucagon,P01275,9606,145,146,R,H,http://www.uniprot.org/uniprot/P01275,,
caspase-2,CASP2,P42575,3.4.22.55,GOLGA3,Golgin subfamily A member 3,Q08378,9606,59,60,D,G,http://www.uniprot.org/uniprot/Q08378,,
caspase-3,CASP3,P42574,3.4.22.56,GOLGA3,Golgin subfamily A member 3,Q08378,9606,139,140,D,S,http://www.uniprot.org/uniprot/Q08378,,
caspase-7,CASP7,P55210,3.4.22.60,GOLGA3,Golgin subfamily A member 3,Q08378,9606,311,312,D,G,http://www.uniprot.org/uniprot/Q08378,,
Cleavage,n.d.,n.d.,n.d.,GPR116,Probable G-protein coupled receptor 116,Q8IZF2,9606,226,227,G,S,http://www.uniprot.org/uniprot/Q8IZF2,,
Cleavage,n.d.,n.d.,n.d.,GPR116,Probable G-protein coupled receptor 116,Q8IZF2,9606,990,991,L,T,http://www.uniprot.org/uniprot/Q8IZF2,,
furin like-convertase,FURIN,P09958,3.4.21.75,GPR126,G-protein coupled receptor 126,Q86SQ4,9606,467,468,K,R,http://www.uniprot.org/uniprot/Q86SQ4,,
Cleavage,n.d.,n.d.,n.d.,GPR126,G-protein coupled receptor 126,Q86SQ4,9606,840,841,F,T,http://www.uniprot.org/uniprot/Q86SQ4,,
caspase-3,CASP3,P42574,3.4.22.56,GRIPAP1,GRIP1-associated protein 1,Q4V328,9606,598,599,D,G,http://www.uniprot.org/uniprot/Q4V328,,
Cleavage,n.d.,n.d.,n.d.,HABP2,Hyaluronan-binding protein 2,Q14520,9606,169,170,K,R,http://www.uniprot.org/uniprot/Q14520,,
Cleavage,n.d.,n.d.,n.d.,HABP2,Hyaluronan-binding protein 2,Q14520,9606,170,171,R,R,http://www.uniprot.org/uniprot/Q14520,,
Cleavage,n.d.,n.d.,n.d.,HABP2,Hyaluronan-binding protein 2,Q14520,9606,480,481,R,Q,http://www.uniprot.org/uniprot/Q14520,,
caspase-3,CASP3,P42574,3.4.22.56,HAX1,HCLS1-associated protein X-1,O00165,9606,127,128,D,S,http://www.uniprot.org/uniprot/O00165,,
HCFC1,HCFC1,P51610,n.d.,HCFC1,Host cell factor 1,P51610,9606,1019,1020,E,T,http://www.uniprot.org/uniprot/P51610,,
HCFC1,HCFC1,P51610,n.d.,HCFC1,Host cell factor 1,P51610,9606,1081,1082,E,T,http://www.uniprot.org/uniprot/P51610,,
HCFC1,HCFC1,P51610,n.d.,HCFC1,Host cell factor 1,P51610,9606,1110,1111,E,T,http://www.uniprot.org/uniprot/P51610,,
HCFC1,HCFC1,P51610,n.d.,HCFC1,Host cell factor 1,P51610,9606,1295,1296,E,T,http://www.uniprot.org/uniprot/P51610,,
HCFC1,HCFC1,P51610,n.d.,HCFC1,Host cell factor 1,P51610,9606,1323,1324,E,T,http://www.uniprot.org/uniprot/P51610,,
HCFC1,HCFC1,P51610,n.d.,HCFC1,Host cell factor 1,P51610,9606,1423,1424,E,T,http://www.uniprot.org/uniprot/P51610,,
apopain,CASP3,P42574,3.4.22.56,HTT,Huntingtin,P42858,9606,511,512,D,L,http://www.uniprot.org/uniprot/P42858,,
apopain,CASP3,P42574,3.4.22.56,HTT,Huntingtin,P42858,9606,528,529,D,I,http://www.uniprot.org/uniprot/P42858,,
apopain,CASP3,P42574,3.4.22.56,HTT,Huntingtin,P42858,9606,550,551,D,G,http://www.uniprot.org/uniprot/P42858,,
apopain,CASP3,P42574,3.4.22.56,HTT,Huntingtin,P42858,9606,587,588,D,N,http://www.uniprot.org/uniprot/P42858,,
CASP6,CASP6,P55212,3.4.22.59,HIPK2,Homeodomain-interacting protein kinase 2,Q9H2X6,9606,923,924,D,S,http://www.uniprot.org/uniprot/Q9H2X6,,
CASP6,CASP6,P55212,3.4.22.59,HIPK2,Homeodomain-interacting protein kinase 2,Q9H2X6,9606,984,985,D,S,http://www.uniprot.org/uniprot/Q9H2X6,,
plasmin,PLG,P00747,3.4.21.7,HRG,Histidine-rich glycoprotein,P04196,9606,439,440,R,R,http://www.uniprot.org/uniprot/P04196,,
foot-and-mouth disease virus leader protease,n.d.,n.d.,n.d.,EIF4G1,Eukaryotic translation initiation factor 4 gamma 1,Q04637,9606,674,675,G,R,http://www.uniprot.org/uniprot/Q04637,,
enterovirus/rhinovirus protease 2A,n.d.,n.d.,n.d.,EIF4G1,Eukaryotic translation initiation factor 4 gamma 1,Q04637,9606,681,682,R,G,http://www.uniprot.org/uniprot/Q04637,,
enterovirus/rhinovirus protease 2A,n.d.,n.d.,n.d.,EIF4G3,Eukaryotic translation initiation factor 4 gamma 3,O43432,9606,699,700,V,G,http://www.uniprot.org/uniprot/O43432,,
foot-and-mouth disease virus leader protease,n.d.,n.d.,n.d.,EIF4G3,Eukaryotic translation initiation factor 4 gamma 3,O43432,9606,700,701,G,S,http://www.uniprot.org/uniprot/O43432,,
Cleavage,n.d.,n.d.,n.d.,IFIH1,Interferon-induced helicase C domain-containing protein 1,Q9BYX4,9606,208,209,E,I,http://www.uniprot.org/uniprot/Q9BYX4,,
Cleavage,n.d.,n.d.,n.d.,IFIH1,Interferon-induced helicase C domain-containing protein 1,Q9BYX4,9606,216,217,D,G,http://www.uniprot.org/uniprot/Q9BYX4,,
Cleavage,n.d.,n.d.,n.d.,IFIH1,Interferon-induced helicase C domain-containing protein 1,Q9BYX4,9606,251,252,D,S,http://www.uniprot.org/uniprot/Q9BYX4,,
IHH,IHH,Q14623,n.d.,IHH,Indian hedgehog protein,Q14623,9606,202,203,G,C,http://www.uniprot.org/uniprot/Q14623,,
thrombin,F2,P00734,3.4.21.5,IL8,Interleukin-8,P10145,9606,27,28,R,S,http://www.uniprot.org/uniprot/P10145,,
MMP9,MMP9,P14780,3.4.24.35,IL8,Interleukin-8,P10145,9606,28,29,S,A,http://www.uniprot.org/uniprot/P10145,,
Cleavage,n.d.,n.d.,n.d.,INHA,Inhibin alpha chain,P05111,9606,61,62,R,H,http://www.uniprot.org/uniprot/P05111,,
Cleavage,n.d.,n.d.,n.d.,INHA,Inhibin alpha chain,P05111,9606,232,233,R,S,http://www.uniprot.org/uniprot/P05111,,
Cleavage,n.d.,n.d.,n.d.,ITGA4,Integrin alpha-4,P13612,9606,591,592,R,S,http://www.uniprot.org/uniprot/P13612,,
urokinase,PLAU,P00749,3.4.21.73,ITGA7,Integrin alpha-7,Q13683,9606,647,648,R,R,http://www.uniprot.org/uniprot/Q13683,,
Cleavage,n.d.,n.d.,n.d.,ITGA9,Integrin alpha-9,Q13797,9606,565,566,R,V,http://www.uniprot.org/uniprot/Q13797,,
furin,FURIN,P09958,3.4.21.75,ITM2C,Integral membrane protein 2C,Q9NQX7,9606,242,243,R,G,http://www.uniprot.org/uniprot/Q9NQX7,,
caspase-3; caspase-6 or caspase-7,CASP7,P55210,3.4.22.60,KRT18,Keratin type I cytoskeletal 18,P05783,9606,238,239,D,A,http://www.uniprot.org/uniprot/P05783,,
caspases,n.d.,n.d.,n.d.,KRT20,Keratin type I cytoskeletal 20,P35900,9606,228,229,D,A,http://www.uniprot.org/uniprot/P35900,,
MMP2 and MMP9,MMP9,P14780,3.4.24.35,KISS1,Metastasis-suppressor KiSS-1,Q15726,9606,118,119,G,L,http://www.uniprot.org/uniprot/Q15726,,
KLK6,KLK6,Q92876,3.4.21.B10,KLK6,Kallikrein-6,Q92876,9606,80,81,R,E,http://www.uniprot.org/uniprot/Q92876,,
kallikrein,KLKB1,P03952,3.4.21.34,KNG1,Kininogen-1,P01042,9606,379,380,M,K,http://www.uniprot.org/uniprot/P01042,,
kallikrein,KLKB1,P03952,3.4.21.34,KNG1,Kininogen-1,P01042,9606,389,390,R,S,http://www.uniprot.org/uniprot/P01042,,
Cleavage; to produce pregnancy serum form,n.d.,n.d.,n.d.,LNPEP,Leucyl-cystinyl aminopeptidase,Q9UIQ6,9606,154,155,F,A,http://www.uniprot.org/uniprot/Q9UIQ6,,
furin-like protease,FURIN,P09958,3.4.21.75,LFNG,Beta-13-N-acetylglucosaminyltransferase lunatic fringe,Q8NES3,9606,86,87,R,D,http://www.uniprot.org/uniprot/Q8NES3,,
LGMN,LGMN,Q99538,3.4.22.34,LGMN,Legumain,Q99538,9606,323,324,N,D,http://www.uniprot.org/uniprot/Q99538,,
endoprotease,n.d.,n.d.,n.d.,LMNA,Prelamin-A/C,P02545,9606,646,647,Y,L,http://www.uniprot.org/uniprot/P02545,,
Cleavage,n.d.,n.d.,n.d.,LPHN1,Latrophilin-1,O94910,9606,838,839,L,T,http://www.uniprot.org/uniprot/O94910,,
Cleavage,n.d.,n.d.,n.d.,LPHN2,Latrophilin-2,O95490,9606,824,825,L,T,http://www.uniprot.org/uniprot/O95490,,
Cleavage,n.d.,n.d.,n.d.,LPHN3,Latrophilin-3,Q9HAR2,9606,841,842,L,T,http://www.uniprot.org/uniprot/Q9HAR2,,
MASP1,MASP1,P48740,n.d.,MASP1,Mannan-binding lectin serine protease 1,P48740,9606,448,449,R,I,http://www.uniprot.org/uniprot/P48740,,
Cleavage,n.d.,n.d.,n.d.,MASP2,Mannan-binding lectin serine protease 2,O00187,9606,444,445,R,I,http://www.uniprot.org/uniprot/O00187,,
HHAV protein 3ABC,n.d.,n.d.,n.d.,MAVS,Mitochondrial antiviral-signaling protein,Q7Z434,9606,427,428,Q,V,http://www.uniprot.org/uniprot/Q7Z434,,
HCV and hepatitis GB virus B NS3/4A protease complex,n.d.,n.d.,n.d.,MAVS,Mitochondrial antiviral-signaling protein,Q7Z434,9606,508,509,C,H,http://www.uniprot.org/uniprot/Q7Z434,,
MBTPS1,MBTPS1,Q14703,3.4.21.112,MBTPS1,Membrane-bound transcription factor site-1 protease,Q14703,9606,186,187,L,R,http://www.uniprot.org/uniprot/Q14703,,
caspase-3,CASP3,P42574,3.4.22.56,MCL1,Induced myeloid leukemia cell differentiation protein Mcl-1,Q07820,9606,127,128,D,G,http://www.uniprot.org/uniprot/Q07820,,
caspase-3,CASP3,P42574,3.4.22.56,MCL1,Induced myeloid leukemia cell differentiation protein Mcl-1,Q07820,9606,157,158,D,G,http://www.uniprot.org/uniprot/Q07820,,
Cleavage,n.d.,n.d.,n.d.,MEF2A,Myocyte-specific enhancer factor 2A,Q02078,9606,176,177,D,S,http://www.uniprot.org/uniprot/Q02078,,
Cleavage,n.d.,n.d.,n.d.,MEF2A,Myocyte-specific enhancer factor 2A,Q02078,9606,213,214,D,L,http://www.uniprot.org/uniprot/Q02078,,
Cleavage,n.d.,n.d.,n.d.,MEF2A,Myocyte-specific enhancer factor 2A,Q02078,9606,466,467,D,G,http://www.uniprot.org/uniprot/Q02078,,
Cleavage,n.d.,n.d.,n.d.,MEF2C,Myocyte-specific enhancer factor 2C,Q06413,9606,432,433,D,G,http://www.uniprot.org/uniprot/Q06413,,
Cleavage,n.d.,n.d.,n.d.,MEF2D,Myocyte-specific enhancer factor 2D,Q14814,9606,288,289,D,H,http://www.uniprot.org/uniprot/Q14814,,
Cleavage,n.d.,n.d.,n.d.,MET,Hepatocyte growth factor receptor,P08581,9606,307,308,R,S,http://www.uniprot.org/uniprot/P08581,,
TASP1; site 1,TASP1,Q9H6P5,n.d.,MLL,Histone-lysine N-methyltransferase MLL,Q03164,9606,2666,2667,D,G,http://www.uniprot.org/uniprot/Q03164,,
TASP1; site 2,TASP1,Q9H6P5,n.d.,MLL,Histone-lysine N-methyltransferase MLL,Q03164,9606,2718,2719,D,G,http://www.uniprot.org/uniprot/Q03164,,
Cleavage,n.d.,n.d.,n.d.,MMEL1,Membrane metallo-endopeptidase-like 1,Q495T6,9606,73,74,K,R,http://www.uniprot.org/uniprot/Q495T6,,
MMP1,MMP1,P03956,3.4.24.7,MMP1,Interstitial collagenase,P03956,9606,269,270,P,I,http://www.uniprot.org/uniprot/P03956,,
furin-like protease,FURIN,P09958,3.4.21.75,MMP23A,Matrix metalloproteinase-23,O75900,9606,78,79,R,Y,http://www.uniprot.org/uniprot/O75900,,
MMP3,MMP3,P08254,3.4.24.17,MMP9,Matrix metalloproteinase-9,P14780,9606,59,60,E,M,http://www.uniprot.org/uniprot/P14780,,
MMP3,MMP3,P08254,3.4.24.17,MMP9,Matrix metalloproteinase-9,P14780,9606,106,107,R,F,http://www.uniprot.org/uniprot/P14780,,
anthrax lethal factor,lef,P15917,3.4.24.83,MAP2K1,Dual specificity mitogen-activated protein kinase kinase 1,Q02750,9606,8,9,P,I,http://www.uniprot.org/uniprot/Q02750,,
anthrax lethal factor,lef,P15917,3.4.24.83,MAP2K2,Dual specificity mitogen-activated protein kinase kinase 2,P36507,9606,10,11,P,A,http://www.uniprot.org/uniprot/P36507,,
anthrax lethal factor,lef,P15917,3.4.24.83,MAP2K4,Dual specificity mitogen-activated protein kinase kinase 4,P45985,9606,45,46,K,L,http://www.uniprot.org/uniprot/P45985,,
anthrax lethal factor,lef,P15917,3.4.24.83,MAP2K4,Dual specificity mitogen-activated protein kinase kinase 4,P45985,9606,58,59,R,F,http://www.uniprot.org/uniprot/P45985,,
anthrax lethal factor,lef,P15917,3.4.24.83,MAP2K6,Dual specificity mitogen-activated protein kinase kinase 6,P52564,9606,14,15,K,I,http://www.uniprot.org/uniprot/P52564,,
anthrax lethal factor,lef,P15917,3.4.24.83,MAP2K7,Dual specificity mitogen-activated protein kinase kinase 7,O14733,9606,44,45,Q,L,http://www.uniprot.org/uniprot/O14733,,
anthrax lethal factor,lef,P15917,3.4.24.83,MAP2K7,Dual specificity mitogen-activated protein kinase kinase 7,O14733,9606,76,77,G,L,http://www.uniprot.org/uniprot/O14733,,
Cleavage,n.d.,n.d.,n.d.,MUC12,Mucin-12,Q9UKN1,9606,5229,5230,G,S,http://www.uniprot.org/uniprot/Q9UKN1,,
Cleavage,n.d.,n.d.,n.d.,MUC17,Mucin-17,Q685J3,9606,4243,4244,G,S,http://www.uniprot.org/uniprot/Q685J3,,
MUC1,MUC1,P15941,n.d.,MUC1,Mucin-1,P15941,9606,1097,1098,G,S,http://www.uniprot.org/uniprot/P15941,,
Cleavage,n.d.,n.d.,n.d.,MUC21,Mucin-21,Q5SSG8,9606,502,503,V,R,http://www.uniprot.org/uniprot/Q5SSG8,,
MUC2; in vitro,n.d.,n.d.,n.d.,MUC2,Mucin-2,Q02817,9606,4486,4487,D,P,http://www.uniprot.org/uniprot/Q02817,,
Cleavage,n.d.,n.d.,n.d.,MUC4,Mucin-4,Q99102,9606,1444,1445,D,P,http://www.uniprot.org/uniprot/Q99102,,
Cleavage,n.d.,n.d.,n.d.,MUC5AC,Mucin-5AC,P98088,9606,4302,4303,D,P,http://www.uniprot.org/uniprot/P98088,,
Cleavage (when cotranslationally processed),n.d.,n.d.,n.d.,NFKB1,Nuclear factor NF-kappa-B p105 subunit,P19838,9606,433,434,G,T,http://www.uniprot.org/uniprot/P19838,,
Cleavage (when cotranslationally processed),n.d.,n.d.,n.d.,NFKB2,Nuclear factor NF-kappa-B p100 subunit,Q00653,9606,454,455,A,Q,http://www.uniprot.org/uniprot/Q00653,,
furin-like protease,FURIN,P09958,3.4.21.75,NOTCH1,Neurogenic locus notch homolog protein 1,P46531,9606,1664,1665,R,E,http://www.uniprot.org/uniprot/P46531,,
furin-like protease,FURIN,P09958,3.4.21.75,NOTCH3,Neurogenic locus notch homolog protein 3,Q9UM47,9606,1571,1572,R,E,http://www.uniprot.org/uniprot/Q9UM47,,
Cleavage,n.d.,n.d.,n.d.,OLFML2A,Olfactomedin-like protein 2A,Q68BL7,9606,294,295,Y,K,http://www.uniprot.org/uniprot/Q68BL7,,
Cleavage,n.d.,n.d.,n.d.,OSTN,Osteocrin,P61366,9606,115,116,R,F,http://www.uniprot.org/uniprot/P61366,,
caspase-3 or caspase-3-like proteases,CASP3,P42574,3.4.22.56,PAK2,Serine/threonine-protein kinase PAK 2,Q13177,9606,212,213,D,G,http://www.uniprot.org/uniprot/Q13177,,
thrombin,F2,P00734,3.4.21.5,F2R,Proteinase-activated receptor 1,P25116,9606,41,42,R,S,http://www.uniprot.org/uniprot/P25116,,
trypsin,PRSS2,P07478,3.4.21.4,F2RL1,Proteinase-activated receptor 2,P55085,9606,36,37,R,S,http://www.uniprot.org/uniprot/P55085,,
thrombin,F2,P00734,3.4.21.5,F2RL2,Proteinase-activated receptor 3,O00254,9606,38,39,K,T,http://www.uniprot.org/uniprot/O00254,,
thrombin or trypsin,PRSS1,P07477,3.4.21.4,F2RL3,Proteinase-activated receptor 4,Q96RI0,9606,47,48,R,G,http://www.uniprot.org/uniprot/Q96RI0,,
Cleavage,n.d.,n.d.,n.d.,PCOLCE,Procollagen C-endopeptidase enhancer 1,Q15113,9606,287,288,K,R,http://www.uniprot.org/uniprot/Q15113,,
Cleavage,n.d.,n.d.,n.d.,PCOLCE,Procollagen C-endopeptidase enhancer 1,Q15113,9606,288,289,R,G,http://www.uniprot.org/uniprot/Q15113,,
Cleavage,n.d.,n.d.,n.d.,PCOLCE,Procollagen C-endopeptidase enhancer 1,Q15113,9606,293,294,K,V,http://www.uniprot.org/uniprot/Q15113,,
Cleavage,n.d.,n.d.,n.d.,PCOLCE,Procollagen C-endopeptidase enhancer 1,Q15113,9606,299,300,K,S,http://www.uniprot.org/uniprot/Q15113,,
Cleavage,n.d.,n.d.,n.d.,PCOLCE,Procollagen C-endopeptidase enhancer 1,Q15113,9606,303,304,P,E,http://www.uniprot.org/uniprot/Q15113,,
PCSK5,PCSK5,Q92824,n.d.,PCSK5,Proprotein convertase subtilisin/kexin type 5,Q92824,9606,114,115,R,D,http://www.uniprot.org/uniprot/Q92824,,
PCSK6,PCSK6,P29122,n.d.,PCSK6,Proprotein convertase subtilisin/kexin type 6,P29122,9606,149,150,R,Q,http://www.uniprot.org/uniprot/P29122,,
PCSK7,PCSK7,Q16549,n.d.,PCSK7,Proprotein convertase subtilisin/kexin type 7,Q16549,9606,141,142,R,S,http://www.uniprot.org/uniprot/Q16549,,
PCSK9,PCSK9,Q8NBP7,n.d.,PCSK9,Proprotein convertase subtilisin/kexin type 9,Q8NBP7,9606,152,153,Q,S,http://www.uniprot.org/uniprot/Q8NBP7,,
caspase-3,CASP3,P42574,3.4.22.56,PDE4A,cAMP-specific 3'5'-cyclic phosphodiesterase 4A,P27815,9606,69,70,D,A,http://www.uniprot.org/uniprot/P27815,,
Cleavage,n.d.,n.d.,n.d.,PDGFC,Platelet-derived growth factor C,Q9NRA1,9606,225,226,K,A,http://www.uniprot.org/uniprot/Q9NRA1,,
Cleavage,n.d.,n.d.,n.d.,PDGFC,Platelet-derived growth factor C,Q9NRA1,9606,231,232,R,K,http://www.uniprot.org/uniprot/Q9NRA1,,
Cleavage,n.d.,n.d.,n.d.,PDGFC,Platelet-derived growth factor C,Q9NRA1,9606,234,235,R,V,http://www.uniprot.org/uniprot/Q9NRA1,,
Cleavage,n.d.,n.d.,n.d.,PDGFD,Platelet-derived growth factor D,Q9GZP0,9606,247,248,R,G,http://www.uniprot.org/uniprot/Q9GZP0,,
Cleavage,n.d.,n.d.,n.d.,PDGFD,Platelet-derived growth factor D,Q9GZP0,9606,249,250,R,S,http://www.uniprot.org/uniprot/Q9GZP0,,
caspases,n.d.,n.d.,n.d.,PDZD2,PDZ domain-containing protein 2,O15018,9606,2492,2493,D,L,http://www.uniprot.org/uniprot/O15018,,
BMP1,BMP1,P13497,3.4.24.19,HSPG2,Basement membrane-specific heparan sulfate proteoglycan core protein,P98160,9606,4196,4197,N,D,http://www.uniprot.org/uniprot/P98160,,
aggrecanase,ADAMTS4,O75173,3.4.24.82,ACAN,Aggrecan core protein,P16112,9606,392,393,E,A,http://www.uniprot.org/uniprot/P16112,,
Cleavage,n.d.,n.d.,n.d.,PTGES2,Prostaglandin E synthase 2,Q9H7Z7,9606,87,88,A,E,http://www.uniprot.org/uniprot/Q9H7Z7,,
Cleavage (non-hydrolytic),n.d.,n.d.,n.d.,PISD,Phosphatidylserine decarboxylase proenzyme,Q9UG56,9606,377,378,G,S,http://www.uniprot.org/uniprot/Q9UG56,,
PKD1,PKD1,P98161,n.d.,PKD1,Polycystin-1,P98161,9606,3048,3049,L,T,http://www.uniprot.org/uniprot/P98161,,
caspase-3,CASP3,P42574,3.4.22.56,PLEKHO1,Pleckstrin homology domain-containing family O member 1,Q53GL0,9606,310,311,D,L,http://www.uniprot.org/uniprot/Q53GL0,,
caspase-3,CASP3,P42574,3.4.22.56,PLEKHO1,Pleckstrin homology domain-containing family O member 1,Q53GL0,9606,345,346,D,S,http://www.uniprot.org/uniprot/Q53GL0,,
caspase-3,CASP3,P42574,3.4.22.56,PKN1,Serine/threonine-protein kinase N1,Q16512,9606,108,109,D,G,http://www.uniprot.org/uniprot/Q16512,,
caspase-3,CASP3,P42574,3.4.22.56,PKN1,Serine/threonine-protein kinase N1,Q16512,9606,454,455,D,N,http://www.uniprot.org/uniprot/Q16512,,
caspase-3,CASP3,P42574,3.4.22.56,PKN1,Serine/threonine-protein kinase N1,Q16512,9606,558,559,D,S,http://www.uniprot.org/uniprot/Q16512,,
caspase-3,CASP3,P42574,3.4.22.56,PKN2,Serine/threonine-protein kinase N2,Q16513,9606,117,118,D,C,http://www.uniprot.org/uniprot/Q16513,,
caspase-3,CASP3,P42574,3.4.22.56,PKN2,Serine/threonine-protein kinase N2,Q16513,9606,700,701,D,S,http://www.uniprot.org/uniprot/Q16513,,
stromelysin-1,MMP3,P08254,3.4.24.17,PLG,Plasminogen,P00747,9606,78,79,E,N,http://www.uniprot.org/uniprot/P00747,,
stromelysin-19,MMP3,P08254,3.4.24.17,PLG,Plasminogen,P00747,9606,466,467,P,V,http://www.uniprot.org/uniprot/P00747,,
plasminogen activator,PLAU,P00749,3.4.21.73,PLG,Plasminogen,P00747,9606,580,581,R,V,http://www.uniprot.org/uniprot/P00747,,
proprotein convertases,n.d.,n.d.,n.d.,PLXNB1,Plexin-B1,O43157,9606,1305,1306,R,V,http://www.uniprot.org/uniprot/O43157,,
proprotein convertases,n.d.,n.d.,n.d.,PLXNB2,Plexin-B2,O15031,9606,1164,1165,R,D,http://www.uniprot.org/uniprot/O15031,,
subtilisin-like proprotein convertase 4,PCSK6,P29122,n.d.,PRG4,Proteoglycan 4,Q92954,9606,1306,1307,R,A,http://www.uniprot.org/uniprot/Q92954,,
caspase-3,CASP3,P42574,3.4.22.56,PRKDC,DNA-dependent protein kinase catalytic subunit,P78527,9606,2020,2021,D,G,http://www.uniprot.org/uniprot/P78527,,
thrombin,F2,P00734,3.4.21.5,PROC,Vitamin K-dependent protein C,P04070,9606,211,212,R,L,http://www.uniprot.org/uniprot/P04070,,
PSMB10,PSMB10,P40306,3.4.25.1,PSMB10,Proteasome subunit beta type-10,P40306,9606,39,40,G,T,http://www.uniprot.org/uniprot/P40306,,
PSMB8,PSMB8,P28062,3.4.25.1,PSMB8,Proteasome subunit beta type-8,P28062,9606,72,73,G,T,http://www.uniprot.org/uniprot/P28062,,
PSMB9,PSMB9,P28065,3.4.25.1,PSMB9,Proteasome subunit beta type-9,P28065,9606,20,21,G,T,http://www.uniprot.org/uniprot/P28065,,
Cleavage; alternate,n.d.,n.d.,n.d.,PSEN1,Presenilin-1,P49768,9606,291,292,T,M,http://www.uniprot.org/uniprot/P49768,,
Cleavage; alternate,n.d.,n.d.,n.d.,PSEN1,Presenilin-1,P49768,9606,292,293,M,V,http://www.uniprot.org/uniprot/P49768,,
Cleavage,n.d.,n.d.,n.d.,PSEN1,Presenilin-1,P49768,9606,298,299,M,A,http://www.uniprot.org/uniprot/P49768,,
caspase,n.d.,n.d.,n.d.,PSEN1,Presenilin-1,P49768,9606,345,346,D,S,http://www.uniprot.org/uniprot/P49768,,
MMP14,MMP14,P50281,3.4.24.80,PTK7,Inactive tyrosine-protein kinase 7,Q13308,9606,621,622,P,L,http://www.uniprot.org/uniprot/Q13308,,
Cleavage,n.d.,n.d.,n.d.,PTPRN2,Receptor-type tyrosine-protein phosphatase N2,Q92932,9606,427,428,K,S,http://www.uniprot.org/uniprot/Q92932,,
Cleavage,n.d.,n.d.,n.d.,PTPRD,Receptor-type tyrosine-protein phosphatase delta,P23468,9606,1181,1182,R,Y,http://www.uniprot.org/uniprot/P23468,,
Cleavage,n.d.,n.d.,n.d.,PTPRK,Receptor-type tyrosine-protein phosphatase kappa,Q15262,9606,643,644,K,R,http://www.uniprot.org/uniprot/Q15262,,
Cleavage,n.d.,n.d.,n.d.,PTPRN,Receptor-type tyrosine-protein phosphatase-like N,Q16849,9606,448,449,K,S,http://www.uniprot.org/uniprot/Q16849,,
Cleavage,n.d.,n.d.,n.d.,PTPRS,Receptor-type tyrosine-protein phosphatase S,Q13332,9606,1197,1198,R,H,http://www.uniprot.org/uniprot/Q13332,,
ESPL1,ESPL1,Q14674,3.4.22.49,RAD21,Double-strand-break repair protein rad21 homolog,O60216,9606,172,173,R,E,http://www.uniprot.org/uniprot/O60216,,
caspase-3 or caspase-7,CASP7,P55210,3.4.22.60,RAD21,Double-strand-break repair protein rad21 homolog,O60216,9606,279,280,D,S,http://www.uniprot.org/uniprot/O60216,,
ESPL1,ESPL1,Q14674,3.4.22.49,RAD21,Double-strand-break repair protein rad21 homolog,O60216,9606,450,451,R,L,http://www.uniprot.org/uniprot/O60216,,
caspase-3,CASP3,P42574,3.4.22.56,RET,Proto-oncogene tyrosine-protein kinase receptor Ret,P07949,9606,707,708,D,A,http://www.uniprot.org/uniprot/P07949,,
caspase-3,CASP3,P42574,3.4.22.56,RET,Proto-oncogene tyrosine-protein kinase receptor Ret,P07949,9606,1017,1018,D,L,http://www.uniprot.org/uniprot/P07949,,
yopT,yopT,P27475,n.d.,RHOA,Transforming protein RhoA,P61586,9606,189,190,G,C,http://www.uniprot.org/uniprot/P61586,,
caspase-8,CASP8,Q14790,3.4.22.61,RIPK1,Receptor-interacting serine/threonine-protein kinase 1,Q13546,9606,324,325,D,C,http://www.uniprot.org/uniprot/Q13546,,
Cleavage,n.d.,n.d.,n.d.,RIPK4,Receptor-interacting serine/threonine-protein kinase 4,P57078,9606,388,389,D,S,http://www.uniprot.org/uniprot/P57078,,
Cleavage,n.d.,n.d.,n.d.,RIPK4,Receptor-interacting serine/threonine-protein kinase 4,P57078,9606,426,427,D,S,http://www.uniprot.org/uniprot/P57078,,
caspase-3,CASP3,P42574,3.4.22.56,RNF34,E3 ubiquitin-protein ligase RNF34,Q969K3,9606,232,233,D,D,http://www.uniprot.org/uniprot/Q969K3,,
caspase-3,CASP3,P42574,3.4.22.56,ROCK1,Rho-associated protein kinase 1,Q13464,9606,1113,1114,D,G,http://www.uniprot.org/uniprot/Q13464,,
granzyme B,GZMB,P10144,3.4.21.79,ROCK2,Rho-associated protein kinase 2,O75116,9606,1131,1132,D,S,http://www.uniprot.org/uniprot/O75116,,
ST3; site 1,MMP11,P24347,3.4.24.B3,RPSA,40S ribosomal protein SA,P08865,9606,115,116,A,F,http://www.uniprot.org/uniprot/P08865,,
ST3; site 2,MMP11,P24347,3.4.24.B3,RPSA,40S ribosomal protein SA,P08865,9606,133,134,P,L,http://www.uniprot.org/uniprot/P08865,,
Cleavage; to produce processed form,n.d.,n.d.,n.d.,SPACA3,Sperm acrosome membrane-associated protein 3,Q8IXA5,9606,87,88,A,K,http://www.uniprot.org/uniprot/Q8IXA5,,
caspases,n.d.,n.d.,n.d.,SATB1,DNA-binding protein SATB1,Q01826,9606,254,255,D,S,http://www.uniprot.org/uniprot/Q01826,,
Cleavage,n.d.,n.d.,n.d.,SDC1,Syndecan-1,P18827,9606,242,243,A,S,http://www.uniprot.org/uniprot/P18827,,
Cleavage of ectodomain,n.d.,n.d.,n.d.,SDC2,Syndecan-2,P34741,9606,142,143,R,T,http://www.uniprot.org/uniprot/P34741,,
Cleavage of ectodomain,n.d.,n.d.,n.d.,SDC3,Syndecan-3,O75056,9606,383,384,K,E,http://www.uniprot.org/uniprot/O75056,,
SHH,SHH,Q15465,n.d.,SHH,Sonic hedgehog protein,Q15465,9606,197,198,G,C,http://www.uniprot.org/uniprot/Q15465,,
Cleavage,n.d.,n.d.,n.d.,SLIT2,Slit homolog 2 protein,O94813,9606,1121,1122,R,T,http://www.uniprot.org/uniprot/O94813,,
caspase-3,CASP3,P42574,3.4.22.56,SLK,STE20-like serine/threonine-protein kinase,Q9H2G2,9606,438,439,D,Q,http://www.uniprot.org/uniprot/Q9H2G2,,
BONT/E,BXE,Q00496,3.4.24.69,SNAP25,Synaptosomal-associated protein 25,P60880,9606,180,181,R,I,http://www.uniprot.org/uniprot/P60880,,
Cleavage,n.d.,n.d.,n.d.,SP1,Transcription factor Sp1,P08047,9606,63,64,L,L,http://www.uniprot.org/uniprot/P08047,,
mu-calpain,CAPN1,P07384,3.4.22.52,SPTAN1,Spectrin alpha chain brain,Q13813,9606,1176,1177,Y,G,http://www.uniprot.org/uniprot/Q13813,,
caspase-3 and caspase-7,CASP7,P55210,3.4.22.60,SREBF1,Sterol regulatory element-binding protein 1,P36956,9606,460,461,D,S,http://www.uniprot.org/uniprot/P36956,,
S2P,MBTPS2,O43462,3.4.24.85,SREBF1,Sterol regulatory element-binding protein 1,P36956,9606,490,491,L,C,http://www.uniprot.org/uniprot/P36956,,
S1P,MBTPS1,Q14703,3.4.21.112,SREBF1,Sterol regulatory element-binding protein 1,P36956,9606,530,531,L,G,http://www.uniprot.org/uniprot/P36956,,
caspase-3 and caspase-7,CASP7,P55210,3.4.22.60,SREBF2,Sterol regulatory element-binding protein 2,Q12772,9606,468,469,D,S,http://www.uniprot.org/uniprot/Q12772,,
S2P,MBTPS2,O43462,3.4.24.85,SREBF2,Sterol regulatory element-binding protein 2,Q12772,9606,484,485,L,C,http://www.uniprot.org/uniprot/Q12772,,
S1P,MBTPS1,Q14703,3.4.21.112,SREBF2,Sterol regulatory element-binding protein 2,Q12772,9606,522,523,L,S,http://www.uniprot.org/uniprot/Q12772,,
caspase-3,CASP3,P42574,3.4.22.56,SRPK2,SRSF protein kinase 2,P78362,9606,139,140,D,P,http://www.uniprot.org/uniprot/P78362,,
caspase-3,CASP3,P42574,3.4.22.56,SRPK2,SRSF protein kinase 2,P78362,9606,403,404,D,D,http://www.uniprot.org/uniprot/P78362,,
caspase-3 and/or caspase-7,CASP7,P55210,3.4.22.60,SSRP1,FACT complex subunit SSRP1,Q08945,9606,450,451,D,A,http://www.uniprot.org/uniprot/Q08945,,
caspase-3; caspase-7 and caspase-8,CASP8,Q14790,3.4.22.61,STK24,Serine/threonine-protein kinase 24,Q9Y6E0,9606,325,326,D,G,http://www.uniprot.org/uniprot/Q9Y6E0,,
caspase-3,CASP3,P42574,3.4.22.56,STK3,Serine/threonine-protein kinase 3,Q13188,9606,322,323,D,S,http://www.uniprot.org/uniprot/Q13188,,
caspase-3,CASP3,P42574,3.4.22.56,STK4,Serine/threonine-protein kinase 4,Q13043,9606,326,327,D,S,http://www.uniprot.org/uniprot/Q13043,,
caspase-3,CASP3,P42574,3.4.22.56,STK4,Serine/threonine-protein kinase 4,Q13043,9606,349,350,D,G,http://www.uniprot.org/uniprot/Q13043,,
Cleavage,n.d.,n.d.,n.d.,SUB1,Activated RNA polymerase II transcriptional coactivator p15,P53999,9606,50,51,S,S,http://www.uniprot.org/uniprot/P53999,,
caspase-3,CASP3,P42574,3.4.22.56,TNS4,Tensin-4,Q8IZW8,9606,570,571,D,S,http://www.uniprot.org/uniprot/Q8IZW8,,
TASP1,TASP1,Q9H6P5,n.d.,GTF2A1,Transcription initiation factor IIA subunit 1,P52655,9606,274,275,D,G,http://www.uniprot.org/uniprot/P52655,,
trypsin; to produce soluble form,PRSS1,P07477,3.4.21.4,TFRC,Transferrin receptor protein 1,P02786,9606,100,101,R,L,http://www.uniprot.org/uniprot/P02786,,
CTSL,CTSL1,P07711,3.4.22.15,TGM3,Protein-glutamine gamma-glutamyltransferase E,Q08188,9606,467,468,A,A,http://www.uniprot.org/uniprot/Q08188,,
thrombin,F2,P00734,3.4.21.5,F2,Prothrombin,P00734,9606,198,199,R,S,http://www.uniprot.org/uniprot/P00734,,
factor Xa,F10,P00742,3.4.21.6,F2,Prothrombin,P00734,9606,327,328,R,T,http://www.uniprot.org/uniprot/P00734,,
factor Xa,F10,P00742,3.4.21.6,F2,Prothrombin,P00734,9606,363,364,R,I,http://www.uniprot.org/uniprot/P00734,,
furin,FURIN,P09958,3.4.21.75,TINAG,Tubulointerstitial nephritis antigen,Q9UJW2,9606,49,50,R,A,http://www.uniprot.org/uniprot/Q9UJW2,,
Cleavage,n.d.,n.d.,n.d.,TMPRSS2,Transmembrane protease serine 2,O15393,9606,255,256,R,I,http://www.uniprot.org/uniprot/O15393,,
Cleavage,n.d.,n.d.,n.d.,TMPRSS3,Transmembrane protease serine 3,P57727,9606,216,217,R,I,http://www.uniprot.org/uniprot/P57727,,
Cleavage,n.d.,n.d.,n.d.,TMPRSS4,Transmembrane protease serine 4,Q9NRS4,9606,204,205,R,V,http://www.uniprot.org/uniprot/Q9NRS4,,
Cleavage,n.d.,n.d.,n.d.,TMPRSS5,Transmembrane protease serine 5,Q9H3S3,9606,217,218,R,I,http://www.uniprot.org/uniprot/Q9H3S3,,
Cleavage,n.d.,n.d.,n.d.,TMPRSS9,Transmembrane protease serine 9,Q7Z410,9606,202,203,R,I,http://www.uniprot.org/uniprot/Q7Z410,,
Cleavage,n.d.,n.d.,n.d.,TMPRSS9,Transmembrane protease serine 9,Q7Z410,9606,503,504,R,V,http://www.uniprot.org/uniprot/Q7Z410,,
Cleavage,n.d.,n.d.,n.d.,TMPRSS9,Transmembrane protease serine 9,Q7Z410,9606,826,827,R,I,http://www.uniprot.org/uniprot/Q7Z410,,
Cleavage,n.d.,n.d.,n.d.,TNFSF13B,Tumor necrosis factor ligand superfamily member 13B,Q9Y275,9606,133,134,R,A,http://www.uniprot.org/uniprot/Q9Y275,,
Cleavage,n.d.,n.d.,n.d.,TNFSF11,Tumor necrosis factor ligand superfamily member 11,O14788,9606,139,140,H,I,http://www.uniprot.org/uniprot/O14788,,
Cleavage,n.d.,n.d.,n.d.,TNFSF12,Tumor necrosis factor ligand superfamily member 12,O43508,9606,93,94,R,S,http://www.uniprot.org/uniprot/O43508,,
furin,FURIN,P09958,3.4.21.75,TNFSF13,Tumor necrosis factor ligand superfamily member 13,O75888,9606,104,105,R,A,http://www.uniprot.org/uniprot/O75888,,
Cleavage,n.d.,n.d.,n.d.,TNFSF14,Tumor necrosis factor ligand superfamily member 14,O43557,9606,82,83,Q,L,http://www.uniprot.org/uniprot/O43557,,
Cleavage,n.d.,n.d.,n.d.,TNFSF15,Tumor necrosis factor ligand superfamily member 15,O95150,9606,71,72,A,L,http://www.uniprot.org/uniprot/O95150,,
ADAM17,ADAM17,P78536,3.4.24.86,TNF,Tumor necrosis factor,P01375,9606,76,77,A,V,http://www.uniprot.org/uniprot/P01375,,
Cleavage,n.d.,n.d.,n.d.,FASLG,Tumor necrosis factor ligand superfamily member 6,P48023,9606,129,130,K,Q,http://www.uniprot.org/uniprot/P48023,,
CASP8,CASP8,Q14790,3.4.22.61,TRAF1,TNF receptor-associated factor 1,Q13077,9606,163,164,D,C,http://www.uniprot.org/uniprot/Q13077,,
Cleavage,n.d.,n.d.,n.d.,TYSND1,Peroxisomal leader peptide-processing protease,Q2T9J0,9606,110,111,C,A,http://www.uniprot.org/uniprot/Q2T9J0,,
caspase-3 and caspase-7,CASP7,P55210,3.4.22.60,UBE4B,Ubiquitin conjugation factor E4 B,O95155,9606,109,110,D,G,http://www.uniprot.org/uniprot/O95155,,
caspase-6 and granzyme B,GZMB,P10144,3.4.21.79,UBE4B,Ubiquitin conjugation factor E4 B,O95155,9606,123,124,D,S,http://www.uniprot.org/uniprot/O95155,,
USP1,USP1,O94782,3.4.19.12,USP1,Ubiquitin carboxyl-terminal hydrolase 1,O94782,9606,671,672,G,Q,http://www.uniprot.org/uniprot/O94782,,
caspase-3,CASP3,P42574,3.4.22.56,UNC5A,Netrin receptor UNC5A,Q6ZN44,9606,340,341,D,S,http://www.uniprot.org/uniprot/Q6ZN44,,
caspase-3,CASP3,P42574,3.4.22.56,UNC5B,Netrin receptor UNC5B,Q8IZJ1,9606,412,413,D,S,http://www.uniprot.org/uniprot/Q8IZJ1,,
caspase-3,CASP3,P42574,3.4.22.56,UNC5C,Netrin receptor UNC5C,O95185,9606,415,416,D,S,http://www.uniprot.org/uniprot/O95185,,
caspase-3,CASP3,P42574,3.4.22.56,UNC5D,Netrin receptor UNC5D,Q6UXZ4,9606,416,417,D,S,http://www.uniprot.org/uniprot/Q6UXZ4,,
U-PA,PLAU,P00749,3.4.21.73,PLAUR,Urokinase plasminogen activator surface receptor,Q03405,9606,105,106,R,A,http://www.uniprot.org/uniprot/Q03405,,
U-PA,PLAU,P00749,3.4.21.73,PLAUR,Urokinase plasminogen activator surface receptor,Q03405,9606,111,112,R,S,http://www.uniprot.org/uniprot/Q03405,,
Cleavage; during zymogen activation,n.d.,n.d.,n.d.,PLAU,Urokinase-type plasminogen activator,P00749,9606,177,178,F,K,http://www.uniprot.org/uniprot/P00749,,
Cleavage,n.d.,n.d.,n.d.,UMOD,Uromodulin,P07911,9606,587,588,F,R,http://www.uniprot.org/uniprot/P07911,,
Cleavage,n.d.,n.d.,n.d.,VASH1,Vasohibin-1,Q7L8A9,9606,29,30,R,R,http://www.uniprot.org/uniprot/Q7L8A9,,
Cleavage,n.d.,n.d.,n.d.,VASH1,Vasohibin-1,Q7L8A9,9606,76,77,R,M,http://www.uniprot.org/uniprot/Q7L8A9,,
Cleavage,n.d.,n.d.,n.d.,VTN,Vitronectin,P04004,9606,398,399,R,A,http://www.uniprot.org/uniprot/P04004,,
Cleavage,n.d.,n.d.,n.d.,VWA2,von Willebrand factor A domain-containing protein 2,Q5GFL6,9606,267,268,L,A,http://www.uniprot.org/uniprot/Q5GFL6,,
Cleavage; to produce soluble form,n.d.,n.d.,n.d.,CX3CL1,Fractalkine,P78423,9606,339,340,R,R,http://www.uniprot.org/uniprot/P78423,,
20S proteasomal protease,n.d.,n.d.,n.d.,YBX1,Nuclease-sensitive element-binding protein 1,P67809,9606,219,220,E,G,http://www.uniprot.org/uniprot/P67809,,
Cleavage,n.d.,n.d.,n.d.,ZP2,Zona pellucida sperm-binding protein 2,Q05996,9606,172,173,A,D,http://www.uniprot.org/uniprot/Q05996,,
